connector,signal,pad_count
Conn0,GND,334
Conn0,P12V2,27
Conn0,P48V,16
Conn0,P12V1,5
Conn0,RFU,4
Conn0,DO_NOT_USE,4
Conn0,P3V3,2
Conn0,PVREF,2
Conn0,PERST#,1
Conn0,HOST_PWRGD,1
Conn0,WARMRST#,1
Conn0,MODULE_PWRGD,1
Conn0,MANF_MODE#,1
Conn0,PWRBRK#,1
Conn0,UART_TXD,1
Conn0,I2C_D,1
Conn0,SMBus_SLV_CLK,1
Conn0,SMBus_SLV_D,1
Conn0,FW_RECOVERY#,1
Conn0,TEST_MODE#,1
Conn0,UART_RXD,1
Conn0,I2C _CLK,1
Conn0,PRSNT0#,1
Conn0,SLV_ALERT#,1
Conn0,S1_RX15P,1
Conn0,S1_RX7P,1
Conn0,S1_TX15P,1
Conn0,S1_TX7P,1
Conn0,S1_RX15N,1
Conn0,S1_RX7N,1
Conn0,MODULE_ID[4],1
Conn0,S1_TX15N,1
Conn0,S1_TX7N,1
Conn0,S1_RX13P,1
Conn0,S1_RX14P,1
Conn0,S1_RX6P,1
Conn0,S1_TX13P,1
Conn0,S1_TX14P,1
Conn0,S1_TX6P,1
Conn0,S1_RX13N,1
Conn0,S1_RX14N,1
Conn0,S1_RX6N,1
Conn0,S1_TX13N,1
Conn0,S1_TX14N,1
Conn0,S1_TX6N,1
Conn0,S1_RX12P,1
Conn0,S1_RX5P,1
Conn0,MODULE_ID[3],1
Conn0,S1_TX12P,1
Conn0,S1_TX5P,1
Conn0,S1_RX12N,1
Conn0,S1_RX5N,1
Conn0,MODULE_ID[2],1
Conn0,S1_TX12N,1
Conn0,S1_TX5N,1
Conn0,S1_RX10P,1
Conn0,S1_RX11P,1
Conn0,S1_RX4P,1
Conn0,S1_TX10P,1
Conn0,S1_TX11P,1
Conn0,S1_TX4P,1
Conn0,S1_RX10N,1
Conn0,S1_RX11N,1
Conn0,S1_RX4N,1
Conn0,S1_TX10N,1
Conn0,S1_TX11N,1
Conn0,S1_TX4N,1
Conn0,S1_RX9P,1
Conn0,S1_RX3P,1
Conn0,MODULE_ID[1],1
Conn0,S1_TX9P,1
Conn0,S1_TX3P,1
Conn0,S1_RX9N,1
Conn0,S1_RX3N,1
Conn0,MODULE_ID[0],1
Conn0,S1_TX9N,1
Conn0,S1_TX3N,1
Conn0,S1_RX8P,1
Conn0,S1_RX1P,1
Conn0,S1_RX2P,1
Conn0,S1_TX8P,1
Conn0,S1_TX1P,1
Conn0,S1_TX2P,1
Conn0,S1_RX8N,1
Conn0,S1_RX1N,1
Conn0,S1_RX2N,1
Conn0,S1_TX8N,1
Conn0,S1_TX1N,1
Conn0,S1_TX2N,1
Conn0,S2_RX15P,1
Conn0,S1_RX0P,1
Conn0,JTAG0 _TDI,1
Conn0,S2_TX15P,1
Conn0,S1_TX0P,1
Conn0,S2_RX15N,1
Conn0,S1_RX0N,1
Conn0,JTAG0_TMS,1
Conn0,S2_TX15N,1
Conn0,S1_TX0N,1
Conn0,S2_RX13P,1
Conn0,S2_RX14P,1
Conn0,S2_RX7P,1
Conn0,S2_TX13P,1
Conn0,S2_TX14P,1
Conn0,S2_TX7P,1
Conn0,S2_RX13N,1
Conn0,S2_RX14N,1
Conn0,S2_RX7N,1
Conn0,S2_TX13N,1
Conn0,S2_TX14N,1
Conn0,S2_TX7N,1
Conn0,S2_RX12P,1
Conn0,S2_RX6P,1
Conn0,JTAG0_TCK,1
Conn0,S2_TX12P,1
Conn0,S2_TX6P,1
Conn0,S2_RX12N,1
Conn0,S2_RX6N,1
Conn0,JTAG0_TRST,1
Conn0,S2_TX12N,1
Conn0,S2_TX6N,1
Conn0,S2_RX11P,1
Conn0,S2_RX4P,1
Conn0,S2_RX5P,1
Conn0,S2_TX11P,1
Conn0,S2_TX4P,1
Conn0,S2_TX5P,1
Conn0,S2_RX11N,1
Conn0,S2_RX4N,1
Conn0,S2_RX5N,1
Conn0,S2_TX11N,1
Conn0,S2_TX4N,1
Conn0,S2_TX5N,1
Conn0,S2_RX10P,1
Conn0,S2_RX3P,1
Conn0,JTAG0_TDO,1
Conn0,S2_TX10P,1
Conn0,S2_TX3P,1
Conn0,S2_RX10N,1
Conn0,S2_RX3N,1
Conn0,TEST0,1
Conn0,S2_TX10N,1
Conn0,S2_TX3N,1
Conn0,S2_RX9P,1
Conn0,S2_RX1P,1
Conn0,S2_RX2P,1
Conn0,S2_TX9P,1
Conn0,S2_TX1P,1
Conn0,S2_TX2P,1
Conn0,S2_RX9N,1
Conn0,S2_RX1N,1
Conn0,S2_RX2N,1
Conn0,S2_TX9N,1
Conn0,S2_TX1N,1
Conn0,S2_TX2N,1
Conn0,S2_RX8P,1
Conn0,S2_RX0P,1
Conn0,TEST1,1
Conn0,S2_TX8P,1
Conn0,S2_TX0P,1
Conn0,S2_RX8N,1
Conn0,S2_RX0N,1
Conn0,TEST2,1
Conn0,S2_TX8N,1
Conn0,S2_TX0N,1
Conn0,S3_RX14P,1
Conn0,S3_RX15P,1
Conn0,S3_RX7P,1
Conn0,S3_TX14P,1
Conn0,S3_TX15P,1
Conn0,S3_TX7P,1
Conn0,S3_RX14N,1
Conn0,S3_RX15N,1
Conn0,S3_RX7N,1
Conn0,S3_TX14N,1
Conn0,S3_TX15N,1
Conn0,S3_TX7N,1
Conn0,S3_RX13P,1
Conn0,S3_RX6P,1
Conn0,TEST3,1
Conn0,S3_TX13P,1
Conn0,S3_TX6P,1
Conn0,S3_RX13N,1
Conn0,S3_RX6N,1
Conn0,TEST4,1
Conn0,S3_TX13N,1
Conn0,S3_TX6N,1
Conn0,S3_RX11P,1
Conn0,S3_RX12P,1
Conn0,S3_RX5P,1
Conn0,S3_TX12P,1
Conn0,S3_TX4P,1
Conn0,S3_TX5P,1
Conn0,S3_RX11N,1
Conn0,S3_RX12N,1
Conn0,S3_RX5N,1
Conn0,S3_TX12N,1
Conn0,S3_TX4N,1
Conn0,S3_TX5N,1
Conn0,S3_RX10P,1
Conn0,S3_RX4P,1
Conn0,TEST5,1
Conn0,S3_TX11P,1
Conn0,S3_TX3P,1
Conn0,S3_RX10N,1
Conn0,S3_RX4N,1
Conn0,TEST6,1
Conn0,S3_TX11N,1
Conn0,S3_TX3N,1
Conn0,S3_RX9P,1
Conn0,S3_RX2P,1
Conn0,S3_RX3P,1
Conn0,S3_TX10P,1
Conn0,S3_TX1P,1
Conn0,S3_TX2P,1
Conn0,S3_RX9N,1
Conn0,S3_RX2N,1
Conn0,S3_RX3N,1
Conn0,S3_TX10N,1
Conn0,S3_TX1N,1
Conn0,S3_TX2N,1
Conn0,S3_RX8P,1
Conn0,S3_RX1P,1
Conn0,TEST7,1
Conn0,S3_TX9P,1
Conn0,S3_TX0P,1
Conn0,S3_RX8N,1
Conn0,S3_RX1N,1
Conn0,TEST8,1
Conn0,S3_TX9N,1
Conn0,S3_TX0N,1
Conn0,PCIE_RX1P,1
Conn0,PCIE_RX0P,1
Conn0,S3_RX0P,1
Conn0,S3_TX8P,1
Conn0,PCIE_TX1P,1
Conn0,PCIE_TX0P,1
Conn0,PCIE_RX1N,1
Conn0,PCIE_RX0N,1
Conn0,S3_RX0N,1
Conn0,S3_TX8N,1
Conn0,PCIE_TX1N,1
Conn0,PCIE_TX0N,1
Conn0,PCIE_RX3P,1
Conn0,PCIE_RX2P,1
Conn0,PE_REFCLKP,1
Conn0,PCIE_TX3P,1
Conn0,PCIE_TX2P,1
Conn0,PCIE_RX3N,1
Conn0,PCIE_RX2N,1
Conn0,PE_REFCLKN,1
Conn0,PCIE_TX3N,1
Conn0,PCIE_TX2N,1
Conn0,PCIE_RX6P,1
Conn0,PCIE_RX5P,1
Conn0,PCIE_RX4P,1
Conn0,PCIE_TX6P,1
Conn0,PCIE_TX5P,1
Conn0,PCIE_TX4P,1
Conn0,PCIE_RX6N,1
Conn0,PCIE_RX5N,1
Conn0,PCIE_RX4N,1
Conn0,PCIE_TX6N,1
Conn0,PCIE_TX5N,1
Conn0,PCIE_TX4N,1
Conn0,PCIE_RX8P,1
Conn0,PCIE_RX7P,1
Conn0,TEST9,1
Conn0,PCIE_TX8P,1
Conn0,PCIE_TX7P,1
Conn0,PCIE_RX8N,1
Conn0,PCIE_RX7N,1
Conn0,PCIE_TX8N,1
Conn0,PCIE_TX7N,1
Conn0,PCIE_RX11P,1
Conn0,PCIE_RX10P,1
Conn0,PCIE_RX9P,1
Conn0,PCIE_TX11P,1
Conn0,PCIE_TX10P,1
Conn0,PCIE_TX9P,1
Conn0,PCIE_RX11N,1
Conn0,PCIE_RX10N,1
Conn0,PCIE_RX9N,1
Conn0,PCIE_TX11N,1
Conn0,PCIE_TX10N,1
Conn0,PCIE_TX9N,1
Conn0,PCIE_RX13P,1
Conn0,PCIE_RX12P,1
Conn0,PCIE_TX13P,1
Conn0,PCIE_TX12P,1
Conn0,PCIE_RX13N,1
Conn0,PCIE_RX12N,1
Conn0,PCIE_TX13N,1
Conn0,PCIE_TX12N,1
Conn0,PCIE_RX15P,1
Conn0,PCIE_RX14P,1
Conn0,PCIE_TX15P,1
Conn0,PCIE_TX14P,1
Conn0,PCIE_RX15N,1
Conn0,PCIE_RX14N,1
Conn0,PCIE_TX15N,1
Conn0,PCIE_TX14N,1
Conn1,GND,344
Conn1,RFU,35
Conn1,CONN1_MODPRS#,1
Conn1,CONN1_RESET#,1
Conn1,CONN1_YELLOW_LED,1
Conn1,CONN1_MODSEL#,1
Conn1,CONN1_GREEN_LED,1
Conn1,CONN2_INITMODE,1
Conn1,CONN1_INITMODE,1
Conn1,S7_TX15N,1
Conn1,CONN2_INT#,1
Conn1,CONN1_INT#,1
Conn1,S7_TX15P,1
Conn1,CONN2_MODPRS#,1
Conn1,S7_TX14N,1
Conn1,CONN2_MODSEL#,1
Conn1,S7_RX15N,1
Conn1,S7_TX14P,1
Conn1,CONN2_RESET#,1
Conn1,S7_RX15P,1
Conn1,S7_TX13N,1
Conn1,S7_RX13N,1
Conn1,S7_RX14N,1
Conn1,S7_TX13P,1
Conn1,S7_RX13P,1
Conn1,S7_RX14P,1
Conn1,S7_TX7N,1
Conn1,S7_TX12N,1
Conn1,CONN2_GREEN_LED,1
Conn1,S7_RX7N,1
Conn1,S7_RX12N,1
Conn1,S7_TX7P,1
Conn1,S7_TX12P,1
Conn1,CONN2_YELLOW_LED,1
Conn1,S7_RX7P,1
Conn1,S7_RX12P,1
Conn1,S7_TX5N,1
Conn1,S7_TX6N,1
Conn1,S7_TX11N,1
Conn1,S7_RX5N,1
Conn1,S7_RX6N,1
Conn1,S7_RX11N,1
Conn1,S7_TX5P,1
Conn1,S7_TX6P,1
Conn1,S7_TX11P,1
Conn1,S7_RX5P,1
Conn1,S7_RX6P,1
Conn1,S7_RX11P,1
Conn1,S7_TX4N,1
Conn1,S7_TX10N,1
Conn1,TEST10,1
Conn1,S7_RX4N,1
Conn1,S7_RX10N,1
Conn1,S7_TX4P,1
Conn1,S7_TX10P,1
Conn1,TEST11,1
Conn1,S7_RX4P,1
Conn1,S7_RX10P,1
Conn1,S7_TX2N,1
Conn1,S7_TX3N,1
Conn1,S7_TX9N,1
Conn1,S7_RX2N,1
Conn1,S7_RX3N,1
Conn1,S7_RX9N,1
Conn1,S7_TX2P,1
Conn1,S7_TX3P,1
Conn1,S7_TX9P,1
Conn1,S7_RX2P,1
Conn1,S7_RX3P,1
Conn1,S7_RX9P,1
Conn1,S7_TX1N,1
Conn1,S7_TX8N,1
Conn1,TEST12,1
Conn1,S7_RX1N,1
Conn1,S7_RX8N,1
Conn1,S7_TX1P,1
Conn1,S7_TX8P,1
Conn1,TEST13,1
Conn1,S7_RX1P,1
Conn1,S7_RX8P,1
Conn1,S7_TX0N,1
Conn1,S6_TX0N,1
Conn1,S6_TX8N,1
Conn1,S7_RX0N,1
Conn1,S6_RX0N,1
Conn1,S6_RX8N,1
Conn1,S7_TX0P,1
Conn1,S6_TX0P,1
Conn1,S6_TX8P,1
Conn1,S7_RX0P,1
Conn1,S6_RX0P,1
Conn1,S6_RX8P,1
Conn1,S6_TX1N,1
Conn1,S6_TX9N,1
Conn1,TEST14,1
Conn1,S6_RX1N,1
Conn1,S6_RX9N,1
Conn1,S6_TX1P,1
Conn1,S6_TX9P,1
Conn1,S6_RX1P,1
Conn1,S6_RX9P,1
Conn1,S6_TX3N,1
Conn1,S6_TX2N,1
Conn1,S6_TX10N,1
Conn1,S6_RX3N,1
Conn1,S6_RX2N,1
Conn1,S6_RX10N,1
Conn1,S6_TX3P,1
Conn1,S6_TX2P,1
Conn1,S6_TX10P,1
Conn1,S6_RX3P,1
Conn1,S6_RX2P,1
Conn1,S6_RX10P,1
Conn1,S6_TX4N,1
Conn1,S6_TX11N,1
Conn1,PWRRDT#0,1
Conn1,S6_RX4N,1
Conn1,S6_RX11N,1
Conn1,S6_TX4P,1
Conn1,S6_TX11P,1
Conn1,PWRRDT#1,1
Conn1,S6_RX4P,1
Conn1,S6_RX11P,1
Conn1,S6_TX5N,1
Conn1,S6_TX13N,1
Conn1,S6_TX12N,1
Conn1,S6_RX6N,1
Conn1,S6_RX5N,1
Conn1,S6_RX12N,1
Conn1,S6_TX5P,1
Conn1,S6_TX13P,1
Conn1,S6_TX12P,1
Conn1,S6_RX6P,1
Conn1,S6_RX5P,1
Conn1,S6_RX12P,1
Conn1,S6_TX6N,1
Conn1,S6_TX14N,1
Conn1,S6_RX7N,1
Conn1,S6_RX13N,1
Conn1,S6_TX6P,1
Conn1,S6_TX14P,1
Conn1,S6_RX7P,1
Conn1,S6_RX13P,1
Conn1,S6_TX7N,1
Conn1,S6_TX15N,1
Conn1,S6_RX15N,1
Conn1,S6_RX14N,1
Conn1,S6_TX7P,1
Conn1,S6_TX15P,1
Conn1,S6_RX15P,1
Conn1,S6_RX14P,1
Conn1,S5_TX0N,1
Conn1,S5_TX8N,1
Conn1,S5_RX0N,1
Conn1,S5_RX8N,1
Conn1,S5_TX0P,1
Conn1,S5_TX8P,1
Conn1,S5_RX0P,1
Conn1,S5_RX8P,1
Conn1,S5_TX2N,1
Conn1,S5_TX1N,1
Conn1,S5_TX9N,1
Conn1,S5_RX2N,1
Conn1,S5_RX1N,1
Conn1,S5_RX9N,1
Conn1,S5_TX2P,1
Conn1,S5_TX1P,1
Conn1,S5_TX9P,1
Conn1,S5_RX2P,1
Conn1,S5_RX1P,1
Conn1,S5_RX9P,1
Conn1,S5_TX3N,1
Conn1,S5_TX10N,1
Conn1,S5_RX3N,1
Conn1,S5_RX10N,1
Conn1,S5_TX3P,1
Conn1,S5_TX10P,1
Conn1,S5_RX3P,1
Conn1,S5_RX10P,1
Conn1,S5_TX4N,1
Conn1,S5_TX11N,1
Conn1,S5_RX5N,1
Conn1,S5_RX4N,1
Conn1,S5_RX11N,1
Conn1,S5_TX4P,1
Conn1,S5_TX11P,1
Conn1,S5_RX5P,1
Conn1,S5_RX4P,1
Conn1,S5_RX11P,1
Conn1,S5_TX5N,1
Conn1,S5_TX12N,1
Conn1,S5_RX6N,1
Conn1,S5_RX12N,1
Conn1,S5_TX5P,1
Conn1,S5_TX12P,1
Conn1,S5_RX6P,1
Conn1,S5_RX12P,1
Conn1,S5_TX6N,1
Conn1,S5_TX14N,1
Conn1,S5_TX13N,1
Conn1,S5_RX7N,1
Conn1,S5_RX14N,1
Conn1,S5_RX13N,1
Conn1,S5_TX6P,1
Conn1,S5_TX14P,1
Conn1,S5_TX13P,1
Conn1,S5_RX7P,1
Conn1,S5_RX14P,1
Conn1,S5_RX13P,1
Conn1,S5_TX7N,1
Conn1,S5_TX15N,1
Conn1,AUX_156M_REFCLKP,1
Conn1,S5_RX15N,1
Conn1,S5_TX7P,1
Conn1,S5_TX15P,1
Conn1,LINK_CONFIG[4],1
Conn1,AUX_156M_REFCLKN,1
Conn1,S5_RX15P,1
Conn1,S4_TX1N,1
Conn1,S4_TX0N,1
Conn1,S4_TX8N,1
Conn1,S4_RX0N,1
Conn1,S4_RX9N,1
Conn1,S4_RX8N,1
Conn1,S4_TX1P,1
Conn1,S4_TX0P,1
Conn1,S4_TX8P,1
Conn1,S4_RX0P,1
Conn1,S4_RX9P,1
Conn1,S4_RX8P,1
Conn1,S4_TX2N,1
Conn1,S4_TX9N,1
Conn1,LINK_CONFIG[3],1
Conn1,S4_RX1N,1
Conn1,S4_RX10N,1
Conn1,S4_TX2P,1
Conn1,S4_TX9P,1
Conn1,LINK_CONFIG[2],1
Conn1,S4_RX1P,1
Conn1,S4_RX10P,1
Conn1,S4_TX3N,1
Conn1,S4_TX11N,1
Conn1,S4_TX10N,1
Conn1,S4_RX2N,1
Conn1,S4_RX12N,1
Conn1,S4_RX11N,1
Conn1,S4_TX3P,1
Conn1,S4_TX11P,1
Conn1,S4_TX10P,1
Conn1,S4_RX2P,1
Conn1,S4_RX12P,1
Conn1,S4_RX11P,1
Conn1,S4_TX4N,1
Conn1,S4_TX12N,1
Conn1,LINK_CONFIG[1],1
Conn1,S4_RX3N,1
Conn1,S4_RX13N,1
Conn1,S4_TX4P,1
Conn1,S4_TX12P,1
Conn1,LINK_CONFIG[0],1
Conn1,S4_RX3P,1
Conn1,S4_RX13P,1
Conn1,S4_TX5N,1
Conn1,S4_TX14N,1
Conn1,S4_TX13N,1
Conn1,SCALE_DEBUG_EN,1
Conn1,S4_RX4N,1
Conn1,S4_RX14N,1
Conn1,S4_TX5P,1
Conn1,S4_TX14P,1
Conn1,S4_TX13P,1
Conn1,DEBUG_PORT_PRSNT#,1
Conn1,S4_RX4P,1
Conn1,S4_RX14P,1
Conn1,S4_TX6N,1
Conn1,S4_TX15N,1
Conn1,PLINK_CAP,1
Conn1,S4_RX5N,1
Conn1,S4_RX15N,1
Conn1,S4_TX6P,1
Conn1,S4_TX15P,1
Conn1,DWN_PERST#,1
Conn1,S4_RX5P,1
Conn1,S4_RX15P,1
Conn1,S4_TX7N,1
Conn1,DWN_REFCLKP,1
Conn1,S4_RX7N,1
Conn1,S4_RX6N,1
Conn1,JTAG1 _TRST,1
Conn1,S4_TX7P,1
Conn1,DWN_REFCLKN,1
Conn1,S4_RX7P,1
Conn1,S4_RX6P,1
Conn1,JTAG1 _TMS,1
Conn1,PE_BIF[1],1
Conn1,MNGMT_LINK0TN,1
Conn1,AUX_100M_REFCLKP,1
Conn1,MNGMT_LINK0RN,1
Conn1,JTAG1 _TCK,1
Conn1,PE_BIF[0],1
Conn1,MNGMT_LINK0TP,1
Conn1,AUX_100M_REFCLKN,1
Conn1,MNGMT_LINK0RP,1
Conn1,JTAG1 _TDO,1
Conn1,PRSNT1#,1
Conn1,MNGMT_LINK1TP,1
Conn1,MNGMT_LINK1RP,1
Conn1,JTAG1 _TDI,1
Conn1,THERMTRIP#,1
Conn1,MNGMT_LINK1TN,1
Conn1,MNGMT_LINK1RN,1
