connector,pin,col,row,signal
Conn0,C1,C,1,P3V3
Conn0,D1,D,1,PERST#
Conn0,E1,E,1,GND
Conn0,F1,F,1,RFU
Conn0,G1,G,1,PVREF
Conn0,H1,H,1,HOST_PWRGD
Conn0,J1,J,1,GND
Conn0,C2,C,2,P3V3
Conn0,D2,D,2,WARMRST#
Conn0,E2,E,2,GND
Conn0,F2,F,2,RFU
Conn0,G2,G,2,PVREF
Conn0,H2,H,2,MODULE_PWRGD
Conn0,J2,J,2,GND
Conn0,A3,A,3,MANF_MODE#
Conn0,B3,B,3,GND
Conn0,C3,C,3,PWRBRK#
Conn0,D3,D,3,GND
Conn0,E3,E,3,UART_TXD
Conn0,F3,F,3,GND
Conn0,G3,G,3,I2C_D
Conn0,H3,H,3,GND
Conn0,J3,J,3,SMBus_SLV_CLK
Conn0,K3,K,3,GND
Conn0,L3,L,3,SMBus_SLV_D
Conn0,A4,A,4,FW_RECOVERY#
Conn0,B4,B,4,GND
Conn0,C4,C,4,TEST_MODE#
Conn0,D4,D,4,GND
Conn0,E4,E,4,UART_RXD
Conn0,F4,F,4,GND
Conn0,G4,G,4,I2C _CLK
Conn0,H4,H,4,GND
Conn0,J4,J,4,PRSNT0#
Conn0,K4,K,4,GND
Conn0,L4,L,4,SLV_ALERT#
Conn0,A5,A,5,GND
Conn0,B5,B,5,S1_RX15P
Conn0,C5,C,5,GND
Conn0,D5,D,5,S1_RX7P
Conn0,E5,E,5,GND
Conn0,F5,F,5,RFU
Conn0,G5,G,5,GND
Conn0,H5,H,5,S1_TX15P
Conn0,J5,J,5,GND
Conn0,K5,K,5,S1_TX7P
Conn0,L5,L,5,GND
Conn0,A6,A,6,GND
Conn0,B6,B,6,S1_RX15N
Conn0,C6,C,6,GND
Conn0,D6,D,6,S1_RX7N
Conn0,E6,E,6,GND
Conn0,F6,F,6,MODULE_ID[4]
Conn0,G6,G,6,GND
Conn0,H6,H,6,S1_TX15N
Conn0,J6,J,6,GND
Conn0,K6,K,6,S1_TX7N
Conn0,L6,L,6,GND
Conn0,A7,A,7,S1_RX13P
Conn0,B7,B,7,GND
Conn0,C7,C,7,S1_RX14P
Conn0,D7,D,7,GND
Conn0,E7,E,7,S1_RX6P
Conn0,F7,F,7,GND
Conn0,G7,G,7,S1_TX13P
Conn0,H7,H,7,GND
Conn0,J7,J,7,S1_TX14P
Conn0,K7,K,7,GND
Conn0,L7,L,7,S1_TX6P
Conn0,A8,A,8,S1_RX13N
Conn0,B8,B,8,GND
Conn0,C8,C,8,S1_RX14N
Conn0,D8,D,8,GND
Conn0,E8,E,8,S1_RX6N
Conn0,F8,F,8,GND
Conn0,G8,G,8,S1_TX13N
Conn0,H8,H,8,GND
Conn0,J8,J,8,S1_TX14N
Conn0,K8,K,8,GND
Conn0,L8,L,8,S1_TX6N
Conn0,A9,A,9,GND
Conn0,B9,B,9,S1_RX12P
Conn0,C9,C,9,GND
Conn0,D9,D,9,S1_RX5P
Conn0,E9,E,9,GND
Conn0,F9,F,9,MODULE_ID[3]
Conn0,G9,G,9,GND
Conn0,H9,H,9,S1_TX12P
Conn0,J9,J,9,GND
Conn0,K9,K,9,S1_TX5P
Conn0,L9,L,9,GND
Conn0,A10,A,10,GND
Conn0,B10,B,10,S1_RX12N
Conn0,C10,C,10,GND
Conn0,D10,D,10,S1_RX5N
Conn0,E10,E,10,GND
Conn0,F10,F,10,MODULE_ID[2]
Conn0,G10,G,10,GND
Conn0,H10,H,10,S1_TX12N
Conn0,J10,J,10,GND
Conn0,K10,K,10,S1_TX5N
Conn0,L10,L,10,GND
Conn0,A11,A,11,S1_RX10P
Conn0,B11,B,11,GND
Conn0,C11,C,11,S1_RX11P
Conn0,D11,D,11,GND
Conn0,E11,E,11,S1_RX4P
Conn0,F11,F,11,GND
Conn0,G11,G,11,S1_TX10P
Conn0,H11,H,11,GND
Conn0,J11,J,11,S1_TX11P
Conn0,K11,K,11,GND
Conn0,L11,L,11,S1_TX4P
Conn0,A12,A,12,S1_RX10N
Conn0,B12,B,12,GND
Conn0,C12,C,12,S1_RX11N
Conn0,D12,D,12,GND
Conn0,E12,E,12,S1_RX4N
Conn0,F12,F,12,GND
Conn0,G12,G,12,S1_TX10N
Conn0,H12,H,12,GND
Conn0,J12,J,12,S1_TX11N
Conn0,K12,K,12,GND
Conn0,L12,L,12,S1_TX4N
Conn0,A13,A,13,GND
Conn0,B13,B,13,S1_RX9P
Conn0,C13,C,13,GND
Conn0,D13,D,13,S1_RX3P
Conn0,E13,E,13,GND
Conn0,F13,F,13,MODULE_ID[1]
Conn0,G13,G,13,GND
Conn0,H13,H,13,S1_TX9P
Conn0,J13,J,13,GND
Conn0,K13,K,13,S1_TX3P
Conn0,L13,L,13,GND
Conn0,A14,A,14,GND
Conn0,B14,B,14,S1_RX9N
Conn0,C14,C,14,GND
Conn0,D14,D,14,S1_RX3N
Conn0,E14,E,14,GND
Conn0,F14,F,14,MODULE_ID[0]
Conn0,G14,G,14,GND
Conn0,H14,H,14,S1_TX9N
Conn0,J14,J,14,GND
Conn0,K14,K,14,S1_TX3N
Conn0,L14,L,14,GND
Conn0,A15,A,15,S1_RX8P
Conn0,B15,B,15,GND
Conn0,C15,C,15,S1_RX1P
Conn0,D15,D,15,GND
Conn0,E15,E,15,S1_RX2P
Conn0,F15,F,15,GND
Conn0,G15,G,15,S1_TX8P
Conn0,H15,H,15,GND
Conn0,J15,J,15,S1_TX1P
Conn0,K15,K,15,GND
Conn0,L15,L,15,S1_TX2P
Conn0,A16,A,16,S1_RX8N
Conn0,B16,B,16,GND
Conn0,C16,C,16,S1_RX1N
Conn0,D16,D,16,GND
Conn0,E16,E,16,S1_RX2N
Conn0,F16,F,16,GND
Conn0,G16,G,16,S1_TX8N
Conn0,H16,H,16,GND
Conn0,J16,J,16,S1_TX1N
Conn0,K16,K,16,GND
Conn0,L16,L,16,S1_TX2N
Conn0,A17,A,17,GND
Conn0,B17,B,17,S2_RX15P
Conn0,C17,C,17,GND
Conn0,D17,D,17,S1_RX0P
Conn0,E17,E,17,GND
Conn0,F17,F,17,JTAG0 _TDI
Conn0,G17,G,17,GND
Conn0,H17,H,17,S2_TX15P
Conn0,J17,J,17,GND
Conn0,K17,K,17,S1_TX0P
Conn0,L17,L,17,GND
Conn0,A18,A,18,GND
Conn0,B18,B,18,S2_RX15N
Conn0,C18,C,18,GND
Conn0,D18,D,18,S1_RX0N
Conn0,E18,E,18,GND
Conn0,F18,F,18,JTAG0_TMS
Conn0,G18,G,18,GND
Conn0,H18,H,18,S2_TX15N
Conn0,J18,J,18,GND
Conn0,K18,K,18,S1_TX0N
Conn0,L18,L,18,GND
Conn0,A19,A,19,S2_RX13P
Conn0,B19,B,19,GND
Conn0,C19,C,19,S2_RX14P
Conn0,D19,D,19,GND
Conn0,E19,E,19,S2_RX7P
Conn0,F19,F,19,GND
Conn0,G19,G,19,S2_TX13P
Conn0,H19,H,19,GND
Conn0,J19,J,19,S2_TX14P
Conn0,K19,K,19,GND
Conn0,L19,L,19,S2_TX7P
Conn0,A20,A,20,S2_RX13N
Conn0,B20,B,20,GND
Conn0,C20,C,20,S2_RX14N
Conn0,D20,D,20,GND
Conn0,E20,E,20,S2_RX7N
Conn0,F20,F,20,GND
Conn0,G20,G,20,S2_TX13N
Conn0,H20,H,20,GND
Conn0,J20,J,20,S2_TX14N
Conn0,K20,K,20,GND
Conn0,L20,L,20,S2_TX7N
Conn0,A21,A,21,GND
Conn0,B21,B,21,S2_RX12P
Conn0,C21,C,21,GND
Conn0,D21,D,21,S2_RX6P
Conn0,E21,E,21,GND
Conn0,F21,F,21,JTAG0_TCK
Conn0,G21,G,21,GND
Conn0,H21,H,21,S2_TX12P
Conn0,J21,J,21,GND
Conn0,K21,K,21,S2_TX6P
Conn0,L21,L,21,GND
Conn0,A22,A,22,GND
Conn0,B22,B,22,S2_RX12N
Conn0,C22,C,22,GND
Conn0,D22,D,22,S2_RX6N
Conn0,E22,E,22,GND
Conn0,F22,F,22,JTAG0_TRST
Conn0,G22,G,22,GND
Conn0,H22,H,22,S2_TX12N
Conn0,J22,J,22,GND
Conn0,K22,K,22,S2_TX6N
Conn0,L22,L,22,GND
Conn0,A23,A,23,S2_RX11P
Conn0,B23,B,23,GND
Conn0,C23,C,23,S2_RX4P
Conn0,D23,D,23,GND
Conn0,E23,E,23,S2_RX5P
Conn0,F23,F,23,GND
Conn0,G23,G,23,S2_TX11P
Conn0,H23,H,23,GND
Conn0,J23,J,23,S2_TX4P
Conn0,K23,K,23,GND
Conn0,L23,L,23,S2_TX5P
Conn0,A24,A,24,S2_RX11N
Conn0,B24,B,24,GND
Conn0,C24,C,24,S2_RX4N
Conn0,D24,D,24,GND
Conn0,E24,E,24,S2_RX5N
Conn0,F24,F,24,GND
Conn0,G24,G,24,S2_TX11N
Conn0,H24,H,24,GND
Conn0,J24,J,24,S2_TX4N
Conn0,K24,K,24,GND
Conn0,L24,L,24,S2_TX5N
Conn0,A25,A,25,GND
Conn0,B25,B,25,S2_RX10P
Conn0,C25,C,25,GND
Conn0,D25,D,25,S2_RX3P
Conn0,E25,E,25,GND
Conn0,F25,F,25,JTAG0_TDO
Conn0,G25,G,25,GND
Conn0,H25,H,25,S2_TX10P
Conn0,J25,J,25,GND
Conn0,K25,K,25,S2_TX3P
Conn0,L25,L,25,GND
Conn0,A26,A,26,GND
Conn0,B26,B,26,S2_RX10N
Conn0,C26,C,26,GND
Conn0,D26,D,26,S2_RX3N
Conn0,E26,E,26,GND
Conn0,F26,F,26,TEST0
Conn0,G26,G,26,GND
Conn0,H26,H,26,S2_TX10N
Conn0,J26,J,26,GND
Conn0,K26,K,26,S2_TX3N
Conn0,L26,L,26,GND
Conn0,A27,A,27,S2_RX9P
Conn0,B27,B,27,GND
Conn0,C27,C,27,S2_RX1P
Conn0,D27,D,27,GND
Conn0,E27,E,27,S2_RX2P
Conn0,F27,F,27,GND
Conn0,G27,G,27,S2_TX9P
Conn0,H27,H,27,GND
Conn0,J27,J,27,S2_TX1P
Conn0,K27,K,27,GND
Conn0,L27,L,27,S2_TX2P
Conn0,A28,A,28,S2_RX9N
Conn0,B28,B,28,GND
Conn0,C28,C,28,S2_RX1N
Conn0,D28,D,28,GND
Conn0,E28,E,28,S2_RX2N
Conn0,F28,F,28,GND
Conn0,G28,G,28,S2_TX9N
Conn0,H28,H,28,GND
Conn0,J28,J,28,S2_TX1N
Conn0,K28,K,28,GND
Conn0,L28,L,28,S2_TX2N
Conn0,A29,A,29,GND
Conn0,B29,B,29,S2_RX8P
Conn0,C29,C,29,GND
Conn0,D29,D,29,S2_RX0P
Conn0,E29,E,29,GND
Conn0,F29,F,29,TEST1
Conn0,G29,G,29,GND
Conn0,H29,H,29,S2_TX8P
Conn0,J29,J,29,GND
Conn0,K29,K,29,S2_TX0P
Conn0,L29,L,29,GND
Conn0,A30,A,30,GND
Conn0,B30,B,30,S2_RX8N
Conn0,C30,C,30,GND
Conn0,D30,D,30,S2_RX0N
Conn0,E30,E,30,GND
Conn0,F30,F,30,TEST2
Conn0,G30,G,30,GND
Conn0,H30,H,30,S2_TX8N
Conn0,J30,J,30,GND
Conn0,K30,K,30,S2_TX0N
Conn0,L30,L,30,GND
Conn0,A31,A,31,S3_RX14P
Conn0,B31,B,31,GND
Conn0,C31,C,31,S3_RX15P
Conn0,D31,D,31,GND
Conn0,E31,E,31,S3_RX7P
Conn0,F31,F,31,GND
Conn0,G31,G,31,S3_TX14P
Conn0,H31,H,31,GND
Conn0,J31,J,31,S3_TX15P
Conn0,K31,K,31,GND
Conn0,L31,L,31,S3_TX7P
Conn0,A32,A,32,S3_RX14N
Conn0,B32,B,32,GND
Conn0,C32,C,32,S3_RX15N
Conn0,D32,D,32,GND
Conn0,E32,E,32,S3_RX7N
Conn0,F32,F,32,GND
Conn0,G32,G,32,S3_TX14N
Conn0,H32,H,32,GND
Conn0,J32,J,32,S3_TX15N
Conn0,K32,K,32,GND
Conn0,L32,L,32,S3_TX7N
Conn0,A33,A,33,GND
Conn0,B33,B,33,S3_RX13P
Conn0,C33,C,33,GND
Conn0,D33,D,33,S3_RX6P
Conn0,E33,E,33,GND
Conn0,F33,F,33,TEST3
Conn0,G33,G,33,GND
Conn0,H33,H,33,S3_TX13P
Conn0,J33,J,33,GND
Conn0,K33,K,33,S3_TX6P
Conn0,L33,L,33,GND
Conn0,A34,A,34,GND
Conn0,B34,B,34,S3_RX13N
Conn0,C34,C,34,GND
Conn0,D34,D,34,S3_RX6N
Conn0,E34,E,34,GND
Conn0,F34,F,34,TEST4
Conn0,G34,G,34,GND
Conn0,H34,H,34,S3_TX13N
Conn0,J34,J,34,GND
Conn0,K34,K,34,S3_TX6N
Conn0,L34,L,34,GND
Conn0,A35,A,35,S3_RX11P
Conn0,B35,B,35,GND
Conn0,C35,C,35,S3_RX12P
Conn0,D35,D,35,GND
Conn0,E35,E,35,S3_RX5P
Conn0,F35,F,35,GND
Conn0,G35,G,35,S3_TX12P
Conn0,H35,H,35,GND
Conn0,J35,J,35,S3_TX4P
Conn0,K35,K,35,GND
Conn0,L35,L,35,S3_TX5P
Conn0,A36,A,36,S3_RX11N
Conn0,B36,B,36,GND
Conn0,C36,C,36,S3_RX12N
Conn0,D36,D,36,GND
Conn0,E36,E,36,S3_RX5N
Conn0,F36,F,36,GND
Conn0,G36,G,36,S3_TX12N
Conn0,H36,H,36,GND
Conn0,J36,J,36,S3_TX4N
Conn0,K36,K,36,GND
Conn0,L36,L,36,S3_TX5N
Conn0,A37,A,37,GND
Conn0,B37,B,37,S3_RX10P
Conn0,C37,C,37,GND
Conn0,D37,D,37,S3_RX4P
Conn0,E37,E,37,GND
Conn0,F37,F,37,TEST5
Conn0,G37,G,37,GND
Conn0,H37,H,37,S3_TX11P
Conn0,J37,J,37,GND
Conn0,K37,K,37,S3_TX3P
Conn0,L37,L,37,GND
Conn0,A38,A,38,GND
Conn0,B38,B,38,S3_RX10N
Conn0,C38,C,38,GND
Conn0,D38,D,38,S3_RX4N
Conn0,E38,E,38,GND
Conn0,F38,F,38,TEST6
Conn0,G38,G,38,GND
Conn0,H38,H,38,S3_TX11N
Conn0,J38,J,38,GND
Conn0,K38,K,38,S3_TX3N
Conn0,L38,L,38,GND
Conn0,A39,A,39,S3_RX9P
Conn0,B39,B,39,GND
Conn0,C39,C,39,S3_RX2P
Conn0,D39,D,39,GND
Conn0,E39,E,39,S3_RX3P
Conn0,F39,F,39,GND
Conn0,G39,G,39,S3_TX10P
Conn0,H39,H,39,GND
Conn0,J39,J,39,S3_TX1P
Conn0,K39,K,39,GND
Conn0,L39,L,39,S3_TX2P
Conn0,A40,A,40,S3_RX9N
Conn0,B40,B,40,GND
Conn0,C40,C,40,S3_RX2N
Conn0,D40,D,40,GND
Conn0,E40,E,40,S3_RX3N
Conn0,F40,F,40,GND
Conn0,G40,G,40,S3_TX10N
Conn0,H40,H,40,GND
Conn0,J40,J,40,S3_TX1N
Conn0,K40,K,40,GND
Conn0,L40,L,40,S3_TX2N
Conn0,A41,A,41,GND
Conn0,B41,B,41,S3_RX8P
Conn0,C41,C,41,GND
Conn0,D41,D,41,S3_RX1P
Conn0,E41,E,41,GND
Conn0,F41,F,41,TEST7
Conn0,G41,G,41,GND
Conn0,H41,H,41,S3_TX9P
Conn0,J41,J,41,GND
Conn0,K41,K,41,S3_TX0P
Conn0,L41,L,41,GND
Conn0,A42,A,42,GND
Conn0,B42,B,42,S3_RX8N
Conn0,C42,C,42,GND
Conn0,D42,D,42,S3_RX1N
Conn0,E42,E,42,GND
Conn0,F42,F,42,TEST8
Conn0,G42,G,42,GND
Conn0,H42,H,42,S3_TX9N
Conn0,J42,J,42,GND
Conn0,K42,K,42,S3_TX0N
Conn0,L42,L,42,GND
Conn0,A43,A,43,PCIE_RX1P
Conn0,B43,B,43,GND
Conn0,C43,C,43,PCIE_RX0P
Conn0,D43,D,43,GND
Conn0,E43,E,43,S3_RX0P
Conn0,F43,F,43,GND
Conn0,G43,G,43,S3_TX8P
Conn0,H43,H,43,GND
Conn0,J43,J,43,PCIE_TX1P
Conn0,K43,K,43,GND
Conn0,L43,L,43,PCIE_TX0P
Conn0,A44,A,44,PCIE_RX1N
Conn0,B44,B,44,GND
Conn0,C44,C,44,PCIE_RX0N
Conn0,D44,D,44,GND
Conn0,E44,E,44,S3_RX0N
Conn0,F44,F,44,GND
Conn0,G44,G,44,S3_TX8N
Conn0,H44,H,44,GND
Conn0,J44,J,44,PCIE_TX1N
Conn0,K44,K,44,GND
Conn0,L44,L,44,PCIE_TX0N
Conn0,A45,A,45,GND
Conn0,B45,B,45,PCIE_RX3P
Conn0,C45,C,45,GND
Conn0,D45,D,45,PCIE_RX2P
Conn0,E45,E,45,GND
Conn0,F45,F,45,PE_REFCLKP
Conn0,G45,G,45,GND
Conn0,H45,H,45,PCIE_TX3P
Conn0,J45,J,45,GND
Conn0,K45,K,45,PCIE_TX2P
Conn0,L45,L,45,GND
Conn0,A46,A,46,GND
Conn0,B46,B,46,PCIE_RX3N
Conn0,C46,C,46,GND
Conn0,D46,D,46,PCIE_RX2N
Conn0,E46,E,46,GND
Conn0,F46,F,46,PE_REFCLKN
Conn0,G46,G,46,GND
Conn0,H46,H,46,PCIE_TX3N
Conn0,J46,J,46,GND
Conn0,K46,K,46,PCIE_TX2N
Conn0,L46,L,46,GND
Conn0,A47,A,47,PCIE_RX6P
Conn0,B47,B,47,GND
Conn0,C47,C,47,PCIE_RX5P
Conn0,D47,D,47,GND
Conn0,E47,E,47,PCIE_RX4P
Conn0,F47,F,47,GND
Conn0,G47,G,47,PCIE_TX6P
Conn0,H47,H,47,GND
Conn0,J47,J,47,PCIE_TX5P
Conn0,K47,K,47,GND
Conn0,L47,L,47,PCIE_TX4P
Conn0,A48,A,48,PCIE_RX6N
Conn0,B48,B,48,GND
Conn0,C48,C,48,PCIE_RX5N
Conn0,D48,D,48,GND
Conn0,E48,E,48,PCIE_RX4N
Conn0,F48,F,48,GND
Conn0,G48,G,48,PCIE_TX6N
Conn0,H48,H,48,GND
Conn0,J48,J,48,PCIE_TX5N
Conn0,K48,K,48,GND
Conn0,L48,L,48,PCIE_TX4N
Conn0,A49,A,49,GND
Conn0,B49,B,49,PCIE_RX8P
Conn0,C49,C,49,GND
Conn0,D49,D,49,PCIE_RX7P
Conn0,E49,E,49,GND
Conn0,F49,F,49,TEST9
Conn0,G49,G,49,GND
Conn0,H49,H,49,PCIE_TX8P
Conn0,J49,J,49,GND
Conn0,K49,K,49,PCIE_TX7P
Conn0,L49,L,49,GND
Conn0,A50,A,50,GND
Conn0,B50,B,50,PCIE_RX8N
Conn0,C50,C,50,GND
Conn0,D50,D,50,PCIE_RX7N
Conn0,E50,E,50,GND
Conn0,F50,F,50,RFU
Conn0,G50,G,50,GND
Conn0,H50,H,50,PCIE_TX8N
Conn0,J50,J,50,GND
Conn0,K50,K,50,PCIE_TX7N
Conn0,L50,L,50,GND
Conn0,A51,A,51,PCIE_RX11P
Conn0,B51,B,51,GND
Conn0,C51,C,51,PCIE_RX10P
Conn0,D51,D,51,GND
Conn0,E51,E,51,PCIE_RX9P
Conn0,F51,F,51,GND
Conn0,G51,G,51,PCIE_TX11P
Conn0,H51,H,51,GND
Conn0,J51,J,51,PCIE_TX10P
Conn0,K51,K,51,GND
Conn0,L51,L,51,PCIE_TX9P
Conn0,A52,A,52,PCIE_RX11N
Conn0,B52,B,52,GND
Conn0,C52,C,52,PCIE_RX10N
Conn0,D52,D,52,GND
Conn0,E52,E,52,PCIE_RX9N
Conn0,F52,F,52,GND
Conn0,G52,G,52,PCIE_TX11N
Conn0,H52,H,52,GND
Conn0,J52,J,52,PCIE_TX10N
Conn0,K52,K,52,GND
Conn0,L52,L,52,PCIE_TX9N
Conn0,A53,A,53,GND
Conn0,B53,B,53,PCIE_RX13P
Conn0,C53,C,53,GND
Conn0,D53,D,53,PCIE_RX12P
Conn0,E53,E,53,GND
Conn0,F53,F,53,GND
Conn0,G53,G,53,GND
Conn0,H53,H,53,PCIE_TX13P
Conn0,J53,J,53,GND
Conn0,K53,K,53,PCIE_TX12P
Conn0,L53,L,53,GND
Conn0,A54,A,54,GND
Conn0,B54,B,54,PCIE_RX13N
Conn0,C54,C,54,GND
Conn0,D54,D,54,PCIE_RX12N
Conn0,E54,E,54,GND
Conn0,F54,F,54,GND
Conn0,G54,G,54,GND
Conn0,H54,H,54,PCIE_TX13N
Conn0,J54,J,54,GND
Conn0,K54,K,54,PCIE_TX12N
Conn0,L54,L,54,GND
Conn0,A55,A,55,PCIE_RX15P
Conn0,B55,B,55,GND
Conn0,C55,C,55,PCIE_RX14P
Conn0,D55,D,55,GND
Conn0,E55,E,55,GND
Conn0,F55,F,55,GND
Conn0,G55,G,55,GND
Conn0,H55,H,55,GND
Conn0,J55,J,55,PCIE_TX15P
Conn0,K55,K,55,GND
Conn0,L55,L,55,PCIE_TX14P
Conn0,A56,A,56,PCIE_RX15N
Conn0,B56,B,56,GND
Conn0,C56,C,56,PCIE_RX14N
Conn0,D56,D,56,GND
Conn0,E56,E,56,GND
Conn0,F56,F,56,GND
Conn0,G56,G,56,GND
Conn0,H56,H,56,GND
Conn0,J56,J,56,PCIE_TX15N
Conn0,K56,K,56,GND
Conn0,L56,L,56,PCIE_TX14N
Conn0,A57,A,57,GND
Conn0,B57,B,57,GND
Conn0,C57,C,57,GND
Conn0,D57,D,57,GND
Conn0,E57,E,57,GND
Conn0,F57,F,57,GND
Conn0,G57,G,57,GND
Conn0,H57,H,57,GND
Conn0,J57,J,57,GND
Conn0,K57,K,57,GND
Conn0,L57,L,57,GND
Conn0,A58,A,58,GND
Conn0,B58,B,58,GND
Conn0,C58,C,58,GND
Conn0,D58,D,58,GND
Conn0,E58,E,58,GND
Conn0,F58,F,58,GND
Conn0,G58,G,58,GND
Conn0,H58,H,58,DO_NOT_USE
Conn0,J58,J,58,GND
Conn0,K58,K,58,DO_NOT_USE
Conn0,L58,L,58,GND
Conn0,A59,A,59,P12V1
Conn0,B59,B,59,P12V2
Conn0,C59,C,59,P12V2
Conn0,D59,D,59,P12V2
Conn0,E59,E,59,P12V2
Conn0,F59,F,59,P12V2
Conn0,G59,G,59,GND
Conn0,H59,H,59,P48V
Conn0,J59,J,59,GND
Conn0,K59,K,59,P48V
Conn0,L59,L,59,GND
Conn0,A60,A,60,P12V1
Conn0,B60,B,60,P12V2
Conn0,C60,C,60,P12V2
Conn0,D60,D,60,P12V2
Conn0,E60,E,60,P12V2
Conn0,F60,F,60,P12V2
Conn0,G60,G,60,GND
Conn0,H60,H,60,P48V
Conn0,J60,J,60,DO_NOT_USE
Conn0,K60,K,60,P48V
Conn0,L60,L,60,DO_NOT_USE
Conn0,A61,A,61,P12V1
Conn0,B61,B,61,P12V2
Conn0,C61,C,61,P12V2
Conn0,D61,D,61,P12V2
Conn0,E61,E,61,P12V2
Conn0,F61,F,61,P12V2
Conn0,G61,G,61,GND
Conn0,H61,H,61,P48V
Conn0,J61,J,61,P48V
Conn0,K61,K,61,P48V
Conn0,L61,L,61,P48V
Conn0,A62,A,62,P12V1
Conn0,B62,B,62,P12V1
Conn0,C62,C,62,P12V2
Conn0,D62,D,62,P12V2
Conn0,E62,E,62,P12V2
Conn0,F62,F,62,P12V2
Conn0,G62,G,62,GND
Conn0,H62,H,62,P48V
Conn0,J62,J,62,P48V
Conn0,K62,K,62,P48V
Conn0,L62,L,62,P48V
Conn0,C63,C,63,P12V2
Conn0,D63,D,63,P12V2
Conn0,E63,E,63,P12V2
Conn0,F63,F,63,P12V2
Conn0,G63,G,63,GND
Conn0,H63,H,63,P48V
Conn0,J63,J,63,P48V
Conn0,C64,C,64,P12V2
Conn0,D64,D,64,P12V2
Conn0,E64,E,64,P12V2
Conn0,F64,F,64,P12V2
Conn0,G64,G,64,GND
Conn0,H64,H,64,P48V
Conn0,J64,J,64,P48V
Conn1,C1,C,1,GND
Conn1,D1,D,1,CONN1_MODPRS#
Conn1,E1,E,1,GND
Conn1,F1,F,1,CONN1_RESET#
Conn1,G1,G,1,GND
Conn1,H1,H,1,CONN1_YELLOW_LED
Conn1,J1,J,1,GND
Conn1,C2,C,2,GND
Conn1,D2,D,2,CONN1_MODSEL#
Conn1,E2,E,2,GND
Conn1,F2,F,2,CONN1_GREEN_LED
Conn1,G2,G,2,GND
Conn1,H2,H,2,CONN2_INITMODE
Conn1,J2,J,2,GND
Conn1,A3,A,3,CONN1_INITMODE
Conn1,B3,B,3,GND
Conn1,C3,C,3,RFU
Conn1,D3,D,3,GND
Conn1,E3,E,3,S7_TX15N
Conn1,F3,F,3,GND
Conn1,G3,G,3,RFU
Conn1,H3,H,3,GND
Conn1,J3,J,3,RFU
Conn1,K3,K,3,GND
Conn1,L3,L,3,CONN2_INT#
Conn1,A4,A,4,CONN1_INT#
Conn1,B4,B,4,GND
Conn1,C4,C,4,RFU
Conn1,D4,D,4,GND
Conn1,E4,E,4,S7_TX15P
Conn1,F4,F,4,GND
Conn1,G4,G,4,RFU
Conn1,H4,H,4,GND
Conn1,J4,J,4,RFU
Conn1,K4,K,4,GND
Conn1,L4,L,4,CONN2_MODPRS#
Conn1,A5,A,5,GND
Conn1,B5,B,5,RFU
Conn1,C5,C,5,GND
Conn1,D5,D,5,S7_TX14N
Conn1,E5,E,5,GND
Conn1,F5,F,5,CONN2_MODSEL#
Conn1,G5,G,5,GND
Conn1,H5,H,5,RFU
Conn1,J5,J,5,GND
Conn1,K5,K,5,S7_RX15N
Conn1,L5,L,5,GND
Conn1,A6,A,6,GND
Conn1,B6,B,6,RFU
Conn1,C6,C,6,GND
Conn1,D6,D,6,S7_TX14P
Conn1,E6,E,6,GND
Conn1,F6,F,6,CONN2_RESET#
Conn1,G6,G,6,GND
Conn1,H6,H,6,RFU
Conn1,J6,J,6,GND
Conn1,K6,K,6,S7_RX15P
Conn1,L6,L,6,GND
Conn1,A7,A,7,RFU
Conn1,B7,B,7,GND
Conn1,C7,C,7,RFU
Conn1,D7,D,7,GND
Conn1,E7,E,7,S7_TX13N
Conn1,F7,F,7,GND
Conn1,G7,G,7,RFU
Conn1,H7,H,7,GND
Conn1,J7,J,7,S7_RX13N
Conn1,K7,K,7,GND
Conn1,L7,L,7,S7_RX14N
Conn1,A8,A,8,RFU
Conn1,B8,B,8,GND
Conn1,C8,C,8,RFU
Conn1,D8,D,8,GND
Conn1,E8,E,8,S7_TX13P
Conn1,F8,F,8,GND
Conn1,G8,G,8,RFU
Conn1,H8,H,8,GND
Conn1,J8,J,8,S7_RX13P
Conn1,K8,K,8,GND
Conn1,L8,L,8,S7_RX14P
Conn1,A9,A,9,GND
Conn1,B9,B,9,S7_TX7N
Conn1,C9,C,9,GND
Conn1,D9,D,9,S7_TX12N
Conn1,E9,E,9,GND
Conn1,F9,F,9,CONN2_GREEN_LED
Conn1,G9,G,9,GND
Conn1,H9,H,9,S7_RX7N
Conn1,J9,J,9,GND
Conn1,K9,K,9,S7_RX12N
Conn1,L9,L,9,GND
Conn1,A10,A,10,GND
Conn1,B10,B,10,S7_TX7P
Conn1,C10,C,10,GND
Conn1,D10,D,10,S7_TX12P
Conn1,E10,E,10,GND
Conn1,F10,F,10,CONN2_YELLOW_LED
Conn1,G10,G,10,GND
Conn1,H10,H,10,S7_RX7P
Conn1,J10,J,10,GND
Conn1,K10,K,10,S7_RX12P
Conn1,L10,L,10,GND
Conn1,A11,A,11,S7_TX5N
Conn1,B11,B,11,GND
Conn1,C11,C,11,S7_TX6N
Conn1,D11,D,11,GND
Conn1,E11,E,11,S7_TX11N
Conn1,F11,F,11,GND
Conn1,G11,G,11,S7_RX5N
Conn1,H11,H,11,GND
Conn1,J11,J,11,S7_RX6N
Conn1,K11,K,11,GND
Conn1,L11,L,11,S7_RX11N
Conn1,A12,A,12,S7_TX5P
Conn1,B12,B,12,GND
Conn1,C12,C,12,S7_TX6P
Conn1,D12,D,12,GND
Conn1,E12,E,12,S7_TX11P
Conn1,F12,F,12,GND
Conn1,G12,G,12,S7_RX5P
Conn1,H12,H,12,GND
Conn1,J12,J,12,S7_RX6P
Conn1,K12,K,12,GND
Conn1,L12,L,12,S7_RX11P
Conn1,A13,A,13,GND
Conn1,B13,B,13,S7_TX4N
Conn1,C13,C,13,GND
Conn1,D13,D,13,S7_TX10N
Conn1,E13,E,13,GND
Conn1,F13,F,13,TEST10
Conn1,G13,G,13,GND
Conn1,H13,H,13,S7_RX4N
Conn1,J13,J,13,GND
Conn1,K13,K,13,S7_RX10N
Conn1,L13,L,13,GND
Conn1,A14,A,14,GND
Conn1,B14,B,14,S7_TX4P
Conn1,C14,C,14,GND
Conn1,D14,D,14,S7_TX10P
Conn1,E14,E,14,GND
Conn1,F14,F,14,TEST11
Conn1,G14,G,14,GND
Conn1,H14,H,14,S7_RX4P
Conn1,J14,J,14,GND
Conn1,K14,K,14,S7_RX10P
Conn1,L14,L,14,GND
Conn1,A15,A,15,S7_TX2N
Conn1,B15,B,15,GND
Conn1,C15,C,15,S7_TX3N
Conn1,D15,D,15,GND
Conn1,E15,E,15,S7_TX9N
Conn1,F15,F,15,GND
Conn1,G15,G,15,S7_RX2N
Conn1,H15,H,15,GND
Conn1,J15,J,15,S7_RX3N
Conn1,K15,K,15,GND
Conn1,L15,L,15,S7_RX9N
Conn1,A16,A,16,S7_TX2P
Conn1,B16,B,16,GND
Conn1,C16,C,16,S7_TX3P
Conn1,D16,D,16,GND
Conn1,E16,E,16,S7_TX9P
Conn1,F16,F,16,GND
Conn1,G16,G,16,S7_RX2P
Conn1,H16,H,16,GND
Conn1,J16,J,16,S7_RX3P
Conn1,K16,K,16,GND
Conn1,L16,L,16,S7_RX9P
Conn1,A17,A,17,GND
Conn1,B17,B,17,S7_TX1N
Conn1,C17,C,17,GND
Conn1,D17,D,17,S7_TX8N
Conn1,E17,E,17,GND
Conn1,F17,F,17,TEST12
Conn1,G17,G,17,GND
Conn1,H17,H,17,S7_RX1N
Conn1,J17,J,17,GND
Conn1,K17,K,17,S7_RX8N
Conn1,L17,L,17,GND
Conn1,A18,A,18,GND
Conn1,B18,B,18,S7_TX1P
Conn1,C18,C,18,GND
Conn1,D18,D,18,S7_TX8P
Conn1,E18,E,18,GND
Conn1,F18,F,18,TEST13
Conn1,G18,G,18,GND
Conn1,H18,H,18,S7_RX1P
Conn1,J18,J,18,GND
Conn1,K18,K,18,S7_RX8P
Conn1,L18,L,18,GND
Conn1,A19,A,19,S7_TX0N
Conn1,B19,B,19,GND
Conn1,C19,C,19,S6_TX0N
Conn1,D19,D,19,GND
Conn1,E19,E,19,S6_TX8N
Conn1,F19,F,19,GND
Conn1,G19,G,19,S7_RX0N
Conn1,H19,H,19,GND
Conn1,J19,J,19,S6_RX0N
Conn1,K19,K,19,GND
Conn1,L19,L,19,S6_RX8N
Conn1,A20,A,20,S7_TX0P
Conn1,B20,B,20,GND
Conn1,C20,C,20,S6_TX0P
Conn1,D20,D,20,GND
Conn1,E20,E,20,S6_TX8P
Conn1,F20,F,20,GND
Conn1,G20,G,20,S7_RX0P
Conn1,H20,H,20,GND
Conn1,J20,J,20,S6_RX0P
Conn1,K20,K,20,GND
Conn1,L20,L,20,S6_RX8P
Conn1,A21,A,21,GND
Conn1,B21,B,21,S6_TX1N
Conn1,C21,C,21,GND
Conn1,D21,D,21,S6_TX9N
Conn1,E21,E,21,GND
Conn1,F21,F,21,TEST14
Conn1,G21,G,21,GND
Conn1,H21,H,21,S6_RX1N
Conn1,J21,J,21,GND
Conn1,K21,K,21,S6_RX9N
Conn1,L21,L,21,GND
Conn1,A22,A,22,GND
Conn1,B22,B,22,S6_TX1P
Conn1,C22,C,22,GND
Conn1,D22,D,22,S6_TX9P
Conn1,E22,E,22,GND
Conn1,F22,F,22,RFU
Conn1,G22,G,22,GND
Conn1,H22,H,22,S6_RX1P
Conn1,J22,J,22,GND
Conn1,K22,K,22,S6_RX9P
Conn1,L22,L,22,GND
Conn1,A23,A,23,S6_TX3N
Conn1,B23,B,23,GND
Conn1,C23,C,23,S6_TX2N
Conn1,D23,D,23,GND
Conn1,E23,E,23,S6_TX10N
Conn1,F23,F,23,GND
Conn1,G23,G,23,S6_RX3N
Conn1,H23,H,23,GND
Conn1,J23,J,23,S6_RX2N
Conn1,K23,K,23,GND
Conn1,L23,L,23,S6_RX10N
Conn1,A24,A,24,S6_TX3P
Conn1,B24,B,24,GND
Conn1,C24,C,24,S6_TX2P
Conn1,D24,D,24,GND
Conn1,E24,E,24,S6_TX10P
Conn1,F24,F,24,GND
Conn1,G24,G,24,S6_RX3P
Conn1,H24,H,24,GND
Conn1,J24,J,24,S6_RX2P
Conn1,K24,K,24,GND
Conn1,L24,L,24,S6_RX10P
Conn1,A25,A,25,GND
Conn1,B25,B,25,S6_TX4N
Conn1,C25,C,25,GND
Conn1,D25,D,25,S6_TX11N
Conn1,E25,E,25,GND
Conn1,F25,F,25,PWRRDT#0
Conn1,G25,G,25,GND
Conn1,H25,H,25,S6_RX4N
Conn1,J25,J,25,GND
Conn1,K25,K,25,S6_RX11N
Conn1,L25,L,25,GND
Conn1,A26,A,26,GND
Conn1,B26,B,26,S6_TX4P
Conn1,C26,C,26,GND
Conn1,D26,D,26,S6_TX11P
Conn1,E26,E,26,GND
Conn1,F26,F,26,PWRRDT#1
Conn1,G26,G,26,GND
Conn1,H26,H,26,S6_RX4P
Conn1,J26,J,26,GND
Conn1,K26,K,26,S6_RX11P
Conn1,L26,L,26,GND
Conn1,A27,A,27,S6_TX5N
Conn1,B27,B,27,GND
Conn1,C27,C,27,S6_TX13N
Conn1,D27,D,27,GND
Conn1,E27,E,27,S6_TX12N
Conn1,F27,F,27,GND
Conn1,G27,G,27,S6_RX6N
Conn1,H27,H,27,GND
Conn1,J27,J,27,S6_RX5N
Conn1,K27,K,27,GND
Conn1,L27,L,27,S6_RX12N
Conn1,A28,A,28,S6_TX5P
Conn1,B28,B,28,GND
Conn1,C28,C,28,S6_TX13P
Conn1,D28,D,28,GND
Conn1,E28,E,28,S6_TX12P
Conn1,F28,F,28,GND
Conn1,G28,G,28,S6_RX6P
Conn1,H28,H,28,GND
Conn1,J28,J,28,S6_RX5P
Conn1,K28,K,28,GND
Conn1,L28,L,28,S6_RX12P
Conn1,A29,A,29,GND
Conn1,B29,B,29,S6_TX6N
Conn1,C29,C,29,GND
Conn1,D29,D,29,S6_TX14N
Conn1,E29,E,29,GND
Conn1,F29,F,29,RFU
Conn1,G29,G,29,GND
Conn1,H29,H,29,S6_RX7N
Conn1,J29,J,29,GND
Conn1,K29,K,29,S6_RX13N
Conn1,L29,L,29,GND
Conn1,A30,A,30,GND
Conn1,B30,B,30,S6_TX6P
Conn1,C30,C,30,GND
Conn1,D30,D,30,S6_TX14P
Conn1,E30,E,30,GND
Conn1,F30,F,30,RFU
Conn1,G30,G,30,GND
Conn1,H30,H,30,S6_RX7P
Conn1,J30,J,30,GND
Conn1,K30,K,30,S6_RX13P
Conn1,L30,L,30,GND
Conn1,A31,A,31,S6_TX7N
Conn1,B31,B,31,GND
Conn1,C31,C,31,S6_TX15N
Conn1,D31,D,31,GND
Conn1,E31,E,31,RFU
Conn1,F31,F,31,GND
Conn1,G31,G,31,RFU
Conn1,H31,H,31,GND
Conn1,J31,J,31,S6_RX15N
Conn1,K31,K,31,GND
Conn1,L31,L,31,S6_RX14N
Conn1,A32,A,32,S6_TX7P
Conn1,B32,B,32,GND
Conn1,C32,C,32,S6_TX15P
Conn1,D32,D,32,GND
Conn1,E32,E,32,RFU
Conn1,F32,F,32,GND
Conn1,G32,G,32,RFU
Conn1,H32,H,32,GND
Conn1,J32,J,32,S6_RX15P
Conn1,K32,K,32,GND
Conn1,L32,L,32,S6_RX14P
Conn1,A33,A,33,GND
Conn1,B33,B,33,S5_TX0N
Conn1,C33,C,33,GND
Conn1,D33,D,33,S5_TX8N
Conn1,E33,E,33,GND
Conn1,F33,F,33,RFU
Conn1,G33,G,33,GND
Conn1,H33,H,33,S5_RX0N
Conn1,J33,J,33,GND
Conn1,K33,K,33,S5_RX8N
Conn1,L33,L,33,GND
Conn1,A34,A,34,GND
Conn1,B34,B,34,S5_TX0P
Conn1,C34,C,34,GND
Conn1,D34,D,34,S5_TX8P
Conn1,E34,E,34,GND
Conn1,F34,F,34,RFU
Conn1,G34,G,34,GND
Conn1,H34,H,34,S5_RX0P
Conn1,J34,J,34,GND
Conn1,K34,K,34,S5_RX8P
Conn1,L34,L,34,GND
Conn1,A35,A,35,S5_TX2N
Conn1,B35,B,35,GND
Conn1,C35,C,35,S5_TX1N
Conn1,D35,D,35,GND
Conn1,E35,E,35,S5_TX9N
Conn1,F35,F,35,GND
Conn1,G35,G,35,S5_RX2N
Conn1,H35,H,35,GND
Conn1,J35,J,35,S5_RX1N
Conn1,K35,K,35,GND
Conn1,L35,L,35,S5_RX9N
Conn1,A36,A,36,S5_TX2P
Conn1,B36,B,36,GND
Conn1,C36,C,36,S5_TX1P
Conn1,D36,D,36,GND
Conn1,E36,E,36,S5_TX9P
Conn1,F36,F,36,GND
Conn1,G36,G,36,S5_RX2P
Conn1,H36,H,36,GND
Conn1,J36,J,36,S5_RX1P
Conn1,K36,K,36,GND
Conn1,L36,L,36,S5_RX9P
Conn1,A37,A,37,GND
Conn1,B37,B,37,S5_TX3N
Conn1,C37,C,37,GND
Conn1,D37,D,37,S5_TX10N
Conn1,E37,E,37,GND
Conn1,F37,F,37,RFU
Conn1,G37,G,37,GND
Conn1,H37,H,37,S5_RX3N
Conn1,J37,J,37,GND
Conn1,K37,K,37,S5_RX10N
Conn1,L37,L,37,GND
Conn1,A38,A,38,GND
Conn1,B38,B,38,S5_TX3P
Conn1,C38,C,38,GND
Conn1,D38,D,38,S5_TX10P
Conn1,E38,E,38,GND
Conn1,F38,F,38,RFU
Conn1,G38,G,38,GND
Conn1,H38,H,38,S5_RX3P
Conn1,J38,J,38,GND
Conn1,K38,K,38,S5_RX10P
Conn1,L38,L,38,GND
Conn1,A39,A,39,S5_TX4N
Conn1,B39,B,39,GND
Conn1,C39,C,39,S5_TX11N
Conn1,D39,D,39,GND
Conn1,E39,E,39,RFU
Conn1,F39,F,39,GND
Conn1,G39,G,39,S5_RX5N
Conn1,H39,H,39,GND
Conn1,J39,J,39,S5_RX4N
Conn1,K39,K,39,GND
Conn1,L39,L,39,S5_RX11N
Conn1,A40,A,40,S5_TX4P
Conn1,B40,B,40,GND
Conn1,C40,C,40,S5_TX11P
Conn1,D40,D,40,GND
Conn1,E40,E,40,RFU
Conn1,F40,F,40,GND
Conn1,G40,G,40,S5_RX5P
Conn1,H40,H,40,GND
Conn1,J40,J,40,S5_RX4P
Conn1,K40,K,40,GND
Conn1,L40,L,40,S5_RX11P
Conn1,A41,A,41,GND
Conn1,B41,B,41,S5_TX5N
Conn1,C41,C,41,GND
Conn1,D41,D,41,S5_TX12N
Conn1,E41,E,41,GND
Conn1,F41,F,41,RFU
Conn1,G41,G,41,GND
Conn1,H41,H,41,S5_RX6N
Conn1,J41,J,41,GND
Conn1,K41,K,41,S5_RX12N
Conn1,L41,L,41,GND
Conn1,A42,A,42,GND
Conn1,B42,B,42,S5_TX5P
Conn1,C42,C,42,GND
Conn1,D42,D,42,S5_TX12P
Conn1,E42,E,42,GND
Conn1,F42,F,42,RFU
Conn1,G42,G,42,GND
Conn1,H42,H,42,S5_RX6P
Conn1,J42,J,42,GND
Conn1,K42,K,42,S5_RX12P
Conn1,L42,L,42,GND
Conn1,A43,A,43,S5_TX6N
Conn1,B43,B,43,GND
Conn1,C43,C,43,S5_TX14N
Conn1,D43,D,43,GND
Conn1,E43,E,43,S5_TX13N
Conn1,F43,F,43,GND
Conn1,G43,G,43,S5_RX7N
Conn1,H43,H,43,GND
Conn1,J43,J,43,S5_RX14N
Conn1,K43,K,43,GND
Conn1,L43,L,43,S5_RX13N
Conn1,A44,A,44,S5_TX6P
Conn1,B44,B,44,GND
Conn1,C44,C,44,S5_TX14P
Conn1,D44,D,44,GND
Conn1,E44,E,44,S5_TX13P
Conn1,F44,F,44,GND
Conn1,G44,G,44,S5_RX7P
Conn1,H44,H,44,GND
Conn1,J44,J,44,S5_RX14P
Conn1,K44,K,44,GND
Conn1,L44,L,44,S5_RX13P
Conn1,A45,A,45,GND
Conn1,B45,B,45,S5_TX7N
Conn1,C45,C,45,GND
Conn1,D45,D,45,S5_TX15N
Conn1,E45,E,45,GND
Conn1,F45,F,45,RFU
Conn1,G45,G,45,GND
Conn1,H45,H,45,AUX_156M_REFCLKP
Conn1,J45,J,45,GND
Conn1,K45,K,45,S5_RX15N
Conn1,L45,L,45,GND
Conn1,A46,A,46,GND
Conn1,B46,B,46,S5_TX7P
Conn1,C46,C,46,GND
Conn1,D46,D,46,S5_TX15P
Conn1,E46,E,46,GND
Conn1,F46,F,46,LINK_CONFIG[4]
Conn1,G46,G,46,GND
Conn1,H46,H,46,AUX_156M_REFCLKN
Conn1,J46,J,46,GND
Conn1,K46,K,46,S5_RX15P
Conn1,L46,L,46,GND
Conn1,A47,A,47,S4_TX1N
Conn1,B47,B,47,GND
Conn1,C47,C,47,S4_TX0N
Conn1,D47,D,47,GND
Conn1,E47,E,47,S4_TX8N
Conn1,F47,F,47,GND
Conn1,G47,G,47,S4_RX0N
Conn1,H47,H,47,GND
Conn1,J47,J,47,S4_RX9N
Conn1,K47,K,47,GND
Conn1,L47,L,47,S4_RX8N
Conn1,A48,A,48,S4_TX1P
Conn1,B48,B,48,GND
Conn1,C48,C,48,S4_TX0P
Conn1,D48,D,48,GND
Conn1,E48,E,48,S4_TX8P
Conn1,F48,F,48,GND
Conn1,G48,G,48,S4_RX0P
Conn1,H48,H,48,GND
Conn1,J48,J,48,S4_RX9P
Conn1,K48,K,48,GND
Conn1,L48,L,48,S4_RX8P
Conn1,A49,A,49,GND
Conn1,B49,B,49,S4_TX2N
Conn1,C49,C,49,GND
Conn1,D49,D,49,S4_TX9N
Conn1,E49,E,49,GND
Conn1,F49,F,49,LINK_CONFIG[3]
Conn1,G49,G,49,GND
Conn1,H49,H,49,S4_RX1N
Conn1,J49,J,49,GND
Conn1,K49,K,49,S4_RX10N
Conn1,L49,L,49,GND
Conn1,A50,A,50,GND
Conn1,B50,B,50,S4_TX2P
Conn1,C50,C,50,GND
Conn1,D50,D,50,S4_TX9P
Conn1,E50,E,50,GND
Conn1,F50,F,50,LINK_CONFIG[2]
Conn1,G50,G,50,GND
Conn1,H50,H,50,S4_RX1P
Conn1,J50,J,50,GND
Conn1,K50,K,50,S4_RX10P
Conn1,L50,L,50,GND
Conn1,A51,A,51,S4_TX3N
Conn1,B51,B,51,GND
Conn1,C51,C,51,S4_TX11N
Conn1,D51,D,51,GND
Conn1,E51,E,51,S4_TX10N
Conn1,F51,F,51,GND
Conn1,G51,G,51,S4_RX2N
Conn1,H51,H,51,GND
Conn1,J51,J,51,S4_RX12N
Conn1,K51,K,51,GND
Conn1,L51,L,51,S4_RX11N
Conn1,A52,A,52,S4_TX3P
Conn1,B52,B,52,GND
Conn1,C52,C,52,S4_TX11P
Conn1,D52,D,52,GND
Conn1,E52,E,52,S4_TX10P
Conn1,F52,F,52,GND
Conn1,G52,G,52,S4_RX2P
Conn1,H52,H,52,GND
Conn1,J52,J,52,S4_RX12P
Conn1,K52,K,52,GND
Conn1,L52,L,52,S4_RX11P
Conn1,A53,A,53,GND
Conn1,B53,B,53,S4_TX4N
Conn1,C53,C,53,GND
Conn1,D53,D,53,S4_TX12N
Conn1,E53,E,53,GND
Conn1,F53,F,53,LINK_CONFIG[1]
Conn1,G53,G,53,GND
Conn1,H53,H,53,S4_RX3N
Conn1,J53,J,53,GND
Conn1,K53,K,53,S4_RX13N
Conn1,L53,L,53,GND
Conn1,A54,A,54,GND
Conn1,B54,B,54,S4_TX4P
Conn1,C54,C,54,GND
Conn1,D54,D,54,S4_TX12P
Conn1,E54,E,54,GND
Conn1,F54,F,54,LINK_CONFIG[0]
Conn1,G54,G,54,GND
Conn1,H54,H,54,S4_RX3P
Conn1,J54,J,54,GND
Conn1,K54,K,54,S4_RX13P
Conn1,L54,L,54,GND
Conn1,A55,A,55,S4_TX5N
Conn1,B55,B,55,GND
Conn1,C55,C,55,S4_TX14N
Conn1,D55,D,55,GND
Conn1,E55,E,55,S4_TX13N
Conn1,F55,F,55,GND
Conn1,G55,G,55,SCALE_DEBUG_EN
Conn1,H55,H,55,GND
Conn1,J55,J,55,S4_RX4N
Conn1,K55,K,55,GND
Conn1,L55,L,55,S4_RX14N
Conn1,A56,A,56,S4_TX5P
Conn1,B56,B,56,GND
Conn1,C56,C,56,S4_TX14P
Conn1,D56,D,56,GND
Conn1,E56,E,56,S4_TX13P
Conn1,F56,F,56,GND
Conn1,G56,G,56,DEBUG_PORT_PRSNT#
Conn1,H56,H,56,GND
Conn1,J56,J,56,S4_RX4P
Conn1,K56,K,56,GND
Conn1,L56,L,56,S4_RX14P
Conn1,A57,A,57,GND
Conn1,B57,B,57,S4_TX6N
Conn1,C57,C,57,GND
Conn1,D57,D,57,S4_TX15N
Conn1,E57,E,57,GND
Conn1,F57,F,57,PLINK_CAP
Conn1,G57,G,57,GND
Conn1,H57,H,57,S4_RX5N
Conn1,J57,J,57,GND
Conn1,K57,K,57,S4_RX15N
Conn1,L57,L,57,GND
Conn1,A58,A,58,GND
Conn1,B58,B,58,S4_TX6P
Conn1,C58,C,58,GND
Conn1,D58,D,58,S4_TX15P
Conn1,E58,E,58,GND
Conn1,F58,F,58,DWN_PERST#
Conn1,G58,G,58,GND
Conn1,H58,H,58,S4_RX5P
Conn1,J58,J,58,GND
Conn1,K58,K,58,S4_RX15P
Conn1,L58,L,58,GND
Conn1,A59,A,59,S4_TX7N
Conn1,B59,B,59,GND
Conn1,C59,C,59,RFU
Conn1,D59,D,59,GND
Conn1,E59,E,59,DWN_REFCLKP
Conn1,F59,F,59,GND
Conn1,G59,G,59,S4_RX7N
Conn1,H59,H,59,GND
Conn1,J59,J,59,S4_RX6N
Conn1,K59,K,59,GND
Conn1,L59,L,59,JTAG1 _TRST
Conn1,A60,A,60,S4_TX7P
Conn1,B60,B,60,GND
Conn1,C60,C,60,RFU
Conn1,D60,D,60,GND
Conn1,E60,E,60,DWN_REFCLKN
Conn1,F60,F,60,GND
Conn1,G60,G,60,S4_RX7P
Conn1,H60,H,60,GND
Conn1,J60,J,60,S4_RX6P
Conn1,K60,K,60,GND
Conn1,L60,L,60,JTAG1 _TMS
Conn1,A61,A,61,GND
Conn1,B61,B,61,PE_BIF[1]
Conn1,C61,C,61,GND
Conn1,D61,D,61,MNGMT_LINK0TN
Conn1,E61,E,61,GND
Conn1,F61,F,61,AUX_100M_REFCLKP
Conn1,G61,G,61,GND
Conn1,H61,H,61,MNGMT_LINK0RN
Conn1,J61,J,61,GND
Conn1,K61,K,61,JTAG1 _TCK
Conn1,L61,L,61,GND
Conn1,A62,A,62,GND
Conn1,B62,B,62,PE_BIF[0]
Conn1,C62,C,62,GND
Conn1,D62,D,62,MNGMT_LINK0TP
Conn1,E62,E,62,GND
Conn1,F62,F,62,AUX_100M_REFCLKN
Conn1,G62,G,62,GND
Conn1,H62,H,62,MNGMT_LINK0RP
Conn1,J62,J,62,GND
Conn1,K62,K,62,JTAG1 _TDO
Conn1,L62,L,62,GND
Conn1,C63,C,63,PRSNT1#
Conn1,D63,D,63,GND
Conn1,E63,E,63,MNGMT_LINK1TP
Conn1,F63,F,63,GND
Conn1,G63,G,63,MNGMT_LINK1RP
Conn1,H63,H,63,GND
Conn1,J63,J,63,JTAG1 _TDI
Conn1,C64,C,64,THERMTRIP#
Conn1,D64,D,64,GND
Conn1,E64,E,64,MNGMT_LINK1TN
Conn1,F64,F,64,GND
Conn1,G64,G,64,MNGMT_LINK1RN
Conn1,H64,H,64,GND
Conn1,J64,J,64,RFU
